Timestamp;dealdata
3000;107
29000;-73
55000;-27
80000;-25
106000;-9
132000;-1
158000;-63
184000;-81
210000;1
236000;-41
262000;3
288000;46
313000;44
339000;6
365000;45
391000;-1
417000;23
443000;61
469000;43
495000;-17
521000;-1
547000;-3
573000;-13
599000;-9
625000;39
650000;23
676000;-65
702000;47
728000;-45
755000;-63
781000;47
807000;-25
833000;59
859000;-47
885000;11
911000;-81
937000;-9
963000;35
989000;45
1015000;21
1040000;-53
1066000;23
1092000;27
1118000;-25
1144000;5
1170000;-1
1196000;5
1222000;-5
1248000;-25
1274000;39
1300000;23
1326000;-3
1352000;15
1378000;63
1403000;-19
1429000;-13
1455000;31
1481000;23
1507000;-13
1533000;71
1559000;-81
1585000;31
1611000;-3
1637000;27
1663000;-10
1689000;-31
1715000;-9
1741000;47
1767000;-154
1792000;19
1818000;29
1844000;82
1870000;-29
1896000;51
1922000;15
1948000;-45
1974000;31
2000000;-28
2026000;-57
2052000;-57
2078000;-41
2104000;-27
2130000;-29
2155000;-50
2181000;-45
2207000;-17
2233000;-153
2259000;-201
2285000;-161
2311000;-121
2337000;-145
2363000;-123
2389000;-51
2415000;-105
2441000;-3
2467000;-43
2493000;-57
2518000;-9
2544000;-49
2570000;7
2596000;-17
2622000;60
2648000;3
2674000;-59
2700000;3
2726000;31
2752000;-35
2778000;19
2804000;27
2831000;-13
2857000;-20
2883000;-17
2908000;15
2934000;-51
2960000;31
2986000;-49
3012000;34
3038000;20
3064000;-17
3090000;47
3116000;18
3142000;-34
3168000;-65
3194000;19
3220000;-57
3246000;-3
3272000;-51
3297000;103
3323000;-13
3349000;-35
3375000;-33
3401000;-46
3427000;-25
3453000;-25
3479000;-30
3505000;-73
3531000;34
3557000;-69
3583000;12
3609000;-61
3635000;37
3660000;33
3686000;-5
3712000;59
3738000;-1
3764000;-37
3790000;35
3816000;-84
3842000;29
3868000;11
3894000;7
3920000;-13
3946000;3
3972000;-65
3998000;-49
4023000;-97
4049000;-1
4075000;-11
4101000;-77
4127000;-41
4153000;-59
4179000;7
4205000;-9
4231000;-30
4257000;7
4283000;39
4309000;39
4335000;-28
4361000;-57
4387000;-67
4412000;-25
4438000;3
4464000;-30
4490000;27
4516000;-61
4542000;-13
4568000;-31
4594000;-29
4620000;15
4646000;6
4672000;-41
4698000;-75
4724000;17
4750000;-13
4776000;-57
4802000;45
4828000;22
4854000;-42
4880000;-59
4907000;35
4933000;-31
4959000;13
4985000;-1
5011000;19
5037000;-49
5063000;-76
5089000;-63
5115000;-33
5140000;-17
5166000;77
5192000;21
5219000;14
5245000;19
5271000;29
5297000;-21
5323000;-19
5349000;-3
5375000;62
5401000;6
5427000;7
5453000;-43
5479000;-5
5505000;-10
5530000;-46
5556000;5
5582000;-65
5608000;71
5634000;-25
5660000;21
5686000;-77
5712000;28
5738000;-25
5764000;51
5790000;77
5816000;-29
5842000;-50
5868000;47
5893000;4
5919000;-33
5946000;31
5972000;22
5998000;-51
6024000;-116
6050000;2
6076000;-35
6102000;7
6128000;23
6154000;-4
6180000;46
6206000;23
6232000;-18
6258000;23
6283000;33
6309000;50
6335000;-26
6361000;1
6387000;22
6413000;-57
6439000;-30
6465000;-17
6491000;38
6517000;-9
6543000;-1
6569000;18
6595000;-45
6621000;18
6646000;53
6672000;-53
6698000;99
6724000;-13
6750000;3
6775000;39
6801000;21
6827000;-51
6853000;-69
6879000;-59
6905000;-67
6931000;21
6957000;-66
6984000;66
7009000;23
7035000;23
7061000;39
7086000;38
7112000;-65
7138000;-17
7164000;-49
7190000;7
7216000;-1
7242000;-124
7268000;39
7294000;7
7320000;-25
7346000;-18
7372000;46
7398000;-47
7423000;3
7449000;3
7475000;15
7501000;-3
7527000;-25
7553000;-61
7579000;13
7605000;39
7631000;-41
7657000;-13
7683000;-3
7709000;22
7736000;3
7762000;3
7788000;87
7813000;-1
7839000;-25
7865000;-57
7891000;27
7917000;31
7943000;15
7969000;7
7995000;-11
8022000;-95
8048000;-69
8074000;93
8100000;-21
8126000;37
8152000;-1
8178000;-45
8203000;67
8229000;39
8255000;6
8281000;-61
8307000;-91
8333000;-20
8359000;-29
8385000;51
8411000;39
8437000;7
8463000;-45
8489000;-75
8515000;-9
8541000;-34
8566000;6
8592000;3
8618000;13
8644000;94
8670000;-34
8696000;34
8722000;-61
8748000;-57
8774000;-20
8800000;78
8826000;-45
8852000;59
8878000;-5
8904000;-9
8929000;-57
8955000;31
8981000;-21
9007000;5
9033000;-57
9059000;-121
9085000;30
9111000;37
9137000;-62
9163000;7
9189000;18
9215000;-73
9241000;31
9267000;-21
9293000;53
9318000;-5
9344000;-29
9370000;63
9396000;-5
9422000;-34
9448000;-17
9474000;22
9500000;-43
9526000;-100
9552000;6
9578000;23
9604000;-81
9630000;-45
9656000;1
9681000;-37
9707000;21
9733000;37
9759000;-43
9785000;43
9811000;31
9837000;13
9863000;-59
9889000;-107
9915000;87
9941000;-73
9967000;60
9993000;7
10019000;27
10044000;59
10070000;-34
10096000;-57
10122000;77
10148000;-30
10174000;-29
10200000;47
10226000;69
10252000;-2
10278000;52
10304000;-42
10330000;-13
10356000;71
10382000;39
10408000;13
10433000;30
10459000;3
10485000;-33
10511000;36
10537000;3
10563000;-73
10589000;39
10615000;11
10641000;-9
10667000;7
10693000;-37
10719000;35
10746000;-27
10772000;-17
10797000;14
10823000;-47
10849000;45
10875000;35
10901000;-41
10927000;-51
10953000;15
10979000;35
11005000;23
11031000;19
11057000;62
11083000;-14
11109000;11
11136000;95
11162000;-11
11187000;-73
11213000;29
11239000;81
11265000;-59
11291000;27
11317000;31
11343000;47
11369000;13
11395000;-89
11421000;47
11447000;-9
11473000;14
11499000;-81
11525000;-67
11550000;-31
11576000;-5
11602000;-9
11628000;38
11654000;5
11680000;15
11706000;23
11732000;-73
11758000;71
11784000;-49
11810000;-46
11836000;29
11862000;-3
11888000;-9
11913000;5
11939000;-49
11965000;-30
11991000;-1
12017000;-12
12043000;-65
12069000;23
12095000;29
12121000;7
12147000;-57
12173000;67
12199000;39
12225000;-2
12251000;44
12277000;14
12302000;30
12328000;3
12354000;-4
12380000;5
12406000;-26
12432000;78
12458000;-57
12484000;39
12510000;-65
12536000;29
12562000;12
12588000;-90
12614000;-15
12640000;-2
12665000;37
12691000;-3
12717000;-45
12743000;-43
12769000;-9
12795000;13
12821000;-44
12847000;-25
12873000;-29
12899000;-36
12925000;39
12951000;-50
12977000;-17
13003000;20
13029000;27
13054000;-25
13080000;15
13106000;-113
13133000;39
13159000;55
13185000;-18
13212000;39
13238000;-61
13264000;13
13290000;-29
13316000;3
13342000;-49
13368000;-50
13394000;-67
13419000;45
13445000;-14
13471000;15
13497000;6
13523000;-5
13550000;-57
13576000;-81
13602000;79
13628000;119
13654000;17
13680000;15
13706000;27
13732000;-1
13759000;17
13785000;-27
13810000;-59
13836000;-27
13862000;-13
13888000;5
13914000;45
13940000;-35
13967000;-5
13993000;15
14019000;30
14045000;-42
14071000;55
14097000;19
14123000;-76
14149000;-27
14174000;-58
14200000;-22
14226000;6
14253000;46
14279000;-59
14305000;7
14331000;-9
14357000;111
14383000;-69
14409000;-78
14435000;18
14461000;-5
14487000;-25
14513000;-49
14538000;39
14564000;-26
14591000;29
14617000;-45
14643000;7
14669000;63
14695000;75
14721000;-27
14747000;-25
14773000;-13
14799000;61
14825000;55
14851000;54
14877000;-43
14903000;-115
14928000;61
14954000;-9
14980000;-25
15006000;-1
15032000;-17
15058000;55
15084000;37
15110000;71
15136000;85
15161000;6
15187000;111
15213000;-65
15239000;-67
15265000;-83
15290000;-18
15316000;3
15342000;12
15368000;-29
15394000;-9
15420000;-5
15446000;23
15472000;-35
15498000;-67
15524000;-25
15550000;-25
15576000;-26
15602000;13
15628000;-41
15654000;-9
15679000;39
15705000;77
15731000;39
15757000;55
15783000;47
15809000;75
15835000;1
15861000;59
15887000;-17
15913000;-105
15939000;-26
15965000;-26
15991000;-97
16017000;-27
16042000;7
16068000;5
16094000;-59
16120000;29
16146000;119
16172000;-9
16198000;1
16224000;-26
16250000;-46
16276000;37
16302000;-31
16328000;7
16354000;-66
16380000;7
16405000;-19
16431000;-75
16457000;-26
16483000;46
16509000;1
16535000;-43
16561000;55
16587000;7
16613000;53
16639000;-82
16665000;13
16691000;-61
16717000;-65
16743000;27
16769000;33
16794000;-31
16820000;-11
16846000;-61
16872000;-49
16898000;7
16924000;-81
16950000;-10
16976000;-1
17002000;-17
17028000;-2
17054000;27
17080000;-41
17106000;7
17132000;-52
17157000;-13
17183000;5
17209000;-95
17235000;-10
17261000;47
17287000;-73
17313000;-25
17339000;-33
17366000;-14
17392000;-1
17418000;-61
17444000;-101
17470000;-41
17496000;-31
17522000;-33
17547000;14
17573000;83
17599000;-18
17625000;127
17651000;-13
17677000;-25
17703000;-65
17729000;-53
17755000;23
17781000;-33
17807000;-89
17833000;51
17859000;-36
17885000;45
17910000;14
17936000;-41
17962000;30
17988000;-41
18014000;7
18040000;23
18066000;39
18092000;-83
18118000;-19
18144000;79
18170000;-35
18196000;-93
18222000;-73
18248000;-84
18274000;-19
18299000;-11
18325000;-9
18351000;-19
18377000;-18
18403000;23
18429000;34
18455000;87
18481000;-9
18507000;15
18533000;23
18559000;-17
18585000;6
18611000;-63
18637000;19
18662000;-9
18688000;7
18714000;-25
18740000;-12
18766000;7
18792000;-10
18818000;-1
18844000;11
18870000;23
18896000;39
18922000;-93
18948000;43
18974000;35
19000000;-1
19025000;-35
19051000;51
19077000;-77
19103000;-41
19129000;61
19155000;-9
19181000;-13
19207000;23
19233000;23
19259000;-99
19285000;-9
19311000;-79
19337000;35
19363000;7
19389000;-85
19414000;14
19440000;-30
19466000;23
19492000;-3
19518000;-5
19544000;-35
19570000;12
19596000;-25
19622000;5
19648000;-17
19674000;35
19700000;-93
19726000;-43
19752000;37
19777000;-31
19803000;71
19829000;-44
19855000;-65
19881000;71
19907000;3
19933000;-41
19959000;7
19985000;-43
20011000;-31
20037000;54
20063000;7
20089000;-25
20115000;-34
20141000;-83
20166000;55
20192000;-5
20218000;39
20244000;65
20270000;11
20296000;-45
20322000;1
20348000;39
20374000;113
20400000;7
20426000;-89
20452000;-59
20479000;-3
20505000;7
20530000;6
20556000;12
20582000;2
20608000;-52
20634000;54
20660000;-17
20686000;-9
20712000;-27
20738000;7
20764000;-31
20790000;-73
20816000;-13
20842000;61
20868000;-3
20894000;-41
20919000;-25
20945000;35
20971000;-81
20997000;-9
21023000;5
21049000;-5
21075000;-89
21101000;55
21127000;3
21153000;-18
21179000;27
21205000;-1
21231000;45
21257000;43
21282000;31
21308000;-73
21334000;5
21360000;17
21386000;61
21412000;-26
21438000;-25
21464000;23
21490000;38
21516000;38
21542000;38
21568000;-73
21594000;-11
21620000;34
21645000;-9
21671000;-65
21697000;15
21723000;-41
21749000;-53
21775000;33
21801000;-19
21827000;13
21853000;-45
21879000;31
21905000;-44
21931000;14
21957000;-33
21983000;-51
22008000;-2
22033000;-36
22059000;17
22085000;1
22111000;45
22137000;-74
22163000;-25
22189000;23
22215000;-21
22241000;-41
22267000;-75
22293000;-25
22319000;35
22345000;37
22371000;-75
22396000;-85
22422000;12
22448000;-10
22473000;-21
22499000;-19
22524000;-27
22551000;-25
22577000;-75
22603000;-28
22629000;-45
22655000;23
22681000;5
22707000;-83
22733000;93
22758000;-89
22784000;13
22810000;-29
22836000;-1
22862000;30
22888000;7
22914000;-25
22940000;-45
22966000;67
22992000;55
23018000;-14
23044000;-75
23070000;-9
23096000;-51
23122000;79
23147000;50
23173000;13
23199000;66
23225000;33
23251000;53
23276000;-34
23302000;31
23328000;7
23354000;-52
23380000;-62
23406000;-9
23432000;-17
23458000;-75
23485000;22
23511000;35
23536000;-22
23562000;29
23589000;23
23615000;-31
23641000;-35
23667000;13
23692000;-113
23718000;-17
23744000;46
23770000;-3
23796000;-17
23822000;71
23848000;71
23874000;-37
23899000;23
23925000;6
23951000;-19
23976000;-81
24002000;-41
24028000;46
24054000;27
24080000;-1
24106000;-73
24132000;18
24158000;-20
24184000;-69
24209000;148
24235000;-36
24261000;12
24286000;6
24312000;37
24338000;-33
24364000;-45
24390000;-1
24416000;-43
24442000;7
24468000;-75
24494000;-10
24520000;75
24546000;31
24572000;-46
24598000;65
24625000;23
24650000;77
24676000;59
24702000;-30
24727000;61
24754000;-9
24780000;-82
24806000;-25
24832000;-25
24858000;-63
24884000;-29
24910000;53
24936000;-17
24962000;31
24988000;11
25013000;-68
25039000;-25
25064000;31
25090000;-17
25116000;3
25142000;-11
25168000;35
25193000;7
25219000;-25
25244000;67
25270000;71
25296000;78
25321000;-50
25347000;-51
25373000;-1
25398000;63
25424000;83
25450000;-61
25476000;-49
25502000;-17
25528000;54
25554000;-76
25580000;13
25606000;-47
25632000;7
25659000;28
25685000;-85
25711000;55
25737000;23
25762000;-10
25788000;129
25814000;39
25840000;-14
25866000;31
25892000;-22
25918000;-73
25944000;-17
25970000;18
25996000;-9
26022000;-2
26048000;-50
26074000;-1
26100000;15
26126000;-30
26151000;7
26177000;23
26203000;31
26229000;12
26255000;-59
26281000;11
26307000;55
26333000;-65
26359000;23
26385000;-17
26411000;11
26437000;-9
26463000;47
26489000;7
26514000;63
26540000;-49
26566000;55
26592000;-34
26618000;-17
26644000;5
26670000;-65
26696000;-10
26722000;15
26748000;6
26773000;29
26799000;20
26825000;13
26851000;-5
26877000;-9
26902000;-11
26928000;-57
26954000;-27
26980000;-1
27006000;7
27032000;15
27058000;-49
27084000;-27
27110000;-11
27136000;-5
27162000;3
27188000;7
27214000;-57
27240000;61
27265000;-73
27291000;15
27317000;59
27343000;-115
27369000;-3
27395000;3
27421000;-29
27447000;-34
27473000;-3
27499000;51
27525000;-9
27551000;4
27577000;-69
27603000;-35
27629000;7
27654000;14
27680000;-25
27706000;-25
27732000;-21
27758000;29
27784000;-9
27810000;-65
27836000;-25
27862000;14
27888000;-29
27914000;7
27940000;-17
27966000;37
27992000;-74
28017000;-13
28043000;-25
28069000;68
28095000;28
28121000;-19
28147000;-13
28173000;-41
28199000;-57
28224000;-5
28250000;38
28275000;-34
28301000;-29
28327000;4
28353000;-14
28379000;66
28404000;-26
28430000;11
28456000;3
28482000;-105
28507000;-9
28533000;-43
28559000;-3
28585000;-1
28611000;15
28637000;63
28663000;-14
28689000;53
28715000;-89
28741000;-5
28766000;46
28793000;-25
28819000;-3
28845000;-41
28871000;7
28897000;78
28923000;-73
28949000;52
28975000;14
29001000;-17
29027000;-59
29053000;55
29079000;7
29105000;-105
29130000;7
29156000;-19
29182000;-35
29208000;33
29234000;-1
29260000;13
29286000;7
29312000;7
29338000;-91
29364000;44
29390000;-73
29416000;-61
29442000;5
29468000;-17
29494000;-25
29519000;78
29545000;31
29572000;-13
29597000;30
29623000;-122
29649000;6
29675000;55
29701000;23
29726000;7
29752000;-9
29778000;-35
29804000;3
29830000;65
29856000;-25
29881000;-27
29907000;81
29933000;-19
29959000;-29
29985000;37
30011000;-50
30037000;12
30063000;-41
30089000;-13
30115000;-89
30141000;7
30167000;-13
30192000;15
30218000;77
30244000;101
30269000;-27
30295000;-57
30321000;7
30347000;-33
30373000;-14
30399000;65
30425000;54
30451000;-21
30476000;-27
30502000;27
30528000;33
30554000;-73
30580000;-3
30606000;-14
30631000;69
30657000;11
30683000;87
30708000;35
30734000;-1
30759000;6
30785000;7
30811000;-73
30838000;15
30864000;-1
30890000;45
30916000;99
30942000;12
30968000;-25
30993000;-12
31018000;-50
31044000;35
31070000;-65
31096000;38
31122000;27
31148000;-57
31174000;-19
31200000;-25
31225000;-25
31251000;12
31276000;-25
31302000;63
31328000;19
31354000;-59
31379000;-3
31405000;15
31431000;-53
31457000;-41
31483000;43
31509000;-29
31535000;-57
31561000;31
31587000;15
31613000;-65
31640000;33
31666000;99
31691000;-95
31717000;37
31743000;-73
31768000;-29
31794000;-21
31820000;-74
31846000;47
31873000;23
31899000;-75
31925000;-42
31951000;-57
31977000;55
32003000;15
32029000;-1
32055000;-19
32081000;-29
32107000;-3
32132000;-50
32157000;-35
32183000;-33
32208000;-41
32234000;-11
32260000;-25
32286000;7
32312000;61
32338000;-21
32364000;-43
32390000;15
32416000;5
32442000;-1
32469000;-41
32495000;39
32520000;71
32546000;21
32572000;-57
32598000;-21
32624000;13
32650000;-109
32677000;-18
32703000;1
32729000;-84
32755000;-85
32781000;-19
32807000;-33
32833000;-9
32859000;7
32884000;-12
32911000;27
32937000;-1
32963000;50
32989000;47
33015000;-13
33040000;-25
33066000;-117
33092000;-13
33118000;13
33144000;75
33171000;-25
33197000;-59
33223000;55
33248000;15
33274000;4
33299000;77
33325000;34
33351000;-81
33377000;-17
33403000;29
33429000;23
33455000;-45
33481000;13
33506000;-45
33532000;-3
33557000;-17
33583000;14
33609000;-17
33634000;15
33660000;55
33686000;87
33712000;-77
33738000;28
33764000;13
33790000;15
33816000;-1
33842000;70
33868000;-34
33894000;-20
33920000;-50
33946000;71
33972000;20
33997000;-9
34023000;5
34049000;59
34075000;-25
34101000;-11
34127000;-41
34153000;55
34179000;-43
34205000;47
34231000;27
34257000;55
34284000;-49
34310000;-13
34337000;21
34363000;55
34388000;-25
34414000;-34
34440000;-35
34466000;55
34492000;-25
34518000;-41
34544000;55
34570000;-1
34596000;-9
34622000;-17
34648000;77
34674000;13
34700000;55
34726000;43
34752000;-13
34778000;-1
34805000;-3
34830000;-73
34856000;7
34882000;-13
34908000;-9
34934000;-52
34959000;-13
34986000;19
35012000;-95
35038000;-28
35064000;-12
35090000;-68
35115000;5
35141000;54
35167000;15
35193000;-61
35219000;29
35245000;27
35271000;-57
35296000;43
35322000;61
35348000;7
35374000;63
35400000;67
35426000;-9
35452000;-14
35477000;-74
35503000;71
35528000;-73
35554000;51
35579000;-17
35605000;-77
35631000;-18
35657000;37
35683000;-9
35709000;27
35735000;3
35761000;-3
35787000;69
35813000;55
35839000;-25
35865000;37
35891000;-31
35917000;28
35942000;-33
35968000;14
35994000;5
36021000;-13
36047000;20
36073000;-2
36099000;-57
36125000;-17
36151000;87
36177000;-9
36203000;-9
36229000;-101
36255000;-121
36280000;-13
36306000;71
36332000;-29
36358000;23
36384000;34
36410000;27
36436000;111
36462000;-30
36488000;-35
36514000;63
36540000;-41
36566000;-49
36592000;22
36618000;-43
36643000;-126
36668000;-1
36694000;71
36720000;65
36746000;-105
36772000;-35
36798000;12
36824000;11
36850000;-9
36876000;78
36902000;-13
36928000;47
36954000;-35
36980000;-3
37006000;-59
37031000;7
37058000;-57
37084000;-9
37110000;53
37136000;50
37162000;-31
37188000;-3
37214000;35
37240000;-33
37266000;-31
37292000;39
37318000;53
37344000;-9
37370000;55
37395000;55
37421000;69
37447000;43
37473000;-28
37499000;-61
37525000;7
37551000;-101
37577000;37
37603000;11
37629000;31
37655000;-21
37681000;-42
37706000;19
37732000;3
37758000;-27
37783000;-32
37809000;46
37835000;-29
37861000;-140
37887000;-3
37913000;-27
37939000;29
37965000;-34
37991000;-52
38017000;39
38043000;-19
38069000;-1
38096000;-77
38122000;45
38147000;49
38173000;-11
38199000;-14
38224000;-25
38250000;-89
38276000;20
38302000;-33
38328000;23
38354000;61
38380000;-17
38406000;7
38432000;-53
38458000;39
38484000;-129
38509000;-33
38535000;35
38560000;-75
38586000;-75
38612000;3
38638000;-27
38664000;-33
38690000;-10
38716000;-1
38742000;-14
38768000;-10
38794000;-45
38820000;-31
38846000;-33
38872000;-15
38897000;37
38923000;39
38949000;-43
38975000;50
39001000;15
39027000;59
39053000;-1
39079000;-51
39105000;23
39132000;-20
39158000;-59
39184000;-17
39209000;-35
39235000;-73
39260000;-9
39286000;31
39312000;-41
39338000;43
39364000;13
39390000;-57
39416000;-41
39442000;6
39468000;5
39494000;-33
39520000;23
39546000;3
39571000;-34
39597000;-83
39623000;29
39649000;-36
39674000;3
39700000;11
39725000;-25
39751000;7
39777000;-3
39803000;-17
39829000;-65
39855000;71
39881000;23
39907000;-5
39933000;-17
39958000;-9
39984000;39
40009000;-17
40034000;-5
40060000;1
40085000;23
40111000;23
40137000;68
40164000;-29
40190000;31
40216000;84
40242000;60
40268000;15
40294000;-45
40320000;-49
40346000;-25
40372000;-35
40397000;-57
40423000;-89
40449000;-4
40475000;-58
40501000;15
40527000;-2
40553000;-25
40579000;-19
40605000;23
40631000;-1
40657000;-73
40683000;-107
40709000;-125
40735000;-9
40760000;13
40786000;1
40812000;-49
40837000;-3
40863000;51
40889000;42
40915000;-25
40941000;-81
40967000;-61
40993000;-81
41019000;-83
41045000;-83
41071000;45
41097000;7
41123000;46
41148000;-49
41174000;-25
41201000;23
41227000;23
41253000;-35
41279000;-29
41305000;70
41331000;-44
41357000;51
41383000;11
41409000;29
41435000;23
41461000;55
41487000;-89
41512000;-25
41538000;-19
41564000;37
41590000;-9
41616000;15
41642000;-25
41668000;-73
41694000;-25
41720000;-19
41746000;-5
41772000;13
41798000;-17
41824000;11
41850000;-77
41876000;-1
41901000;-76
41926000;-73
41952000;15
41978000;-11
42004000;69
42030000;-41
42056000;-18
42082000;15
42108000;-29
42134000;15
42160000;47
42186000;23
42212000;-25
42239000;-41
42264000;-99
42290000;-17
42316000;11
42342000;-1
42368000;37
42393000;-31
42419000;43
42445000;23
42471000;5
42497000;-4
42523000;-61
42549000;14
42575000;-3
42601000;54
42627000;23
42652000;-77
42678000;-9
42704000;19
42730000;-63
42756000;79
42782000;-17
42808000;-25
42834000;-9
42860000;-19
42886000;5
42912000;-51
42938000;-25
42964000;30
42990000;-69
43015000;-85
43041000;53
43067000;23
43093000;-15
43119000;-12
43145000;13
43171000;-9
43197000;-35
43223000;-66
43249000;5
43275000;-9
43301000;67
43327000;-9
43353000;-35
43378000;33
43404000;-21
43430000;86
43456000;-3
43482000;-15
43507000;97
43533000;-51
43559000;29
43585000;-13
43611000;-41
43637000;-9
43663000;-25
43689000;-57
43715000;21
43741000;-33
43766000;-9
43792000;14
43818000;35
43844000;-57
43870000;-17
43896000;35
43922000;-65
43948000;-31
43974000;-46
44000000;-19
44025000;21
44052000;-83
44078000;29
44103000;-37
44128000;-62
44154000;35
44180000;-61
44206000;-53
44232000;31
44258000;2
44284000;-47
44310000;-9
44335000;-35
44361000;59
44387000;7
44413000;-54
44439000;-33
44465000;-49
44491000;20
44516000;31
44542000;-91
44568000;-25
44594000;67
44620000;7
44646000;-5
44672000;53
44698000;-66
44724000;-49
44750000;13
44776000;29
44802000;-27
44828000;-47
44853000;37
44878000;-33
44904000;-1
44930000;55
44956000;1
44982000;-14
45007000;14
45034000;13
45060000;-13
45086000;39
45112000;23
45138000;44
45164000;-49
45190000;-1
45216000;-1
45241000;64
45266000;7
45292000;-4
45318000;-21
45345000;11
45371000;-9
45397000;-31
45423000;-73
45449000;37
45475000;7
45501000;-31
45526000;18
45552000;-137
45578000;47
45604000;-17
45629000;-13
45655000;47
45681000;99
45707000;-49
45734000;-35
45759000;-21
45785000;18
45811000;23
45837000;39
45863000;35
45889000;-14
45915000;-41
45941000;125
45967000;38
45992000;-73
46017000;51
46043000;-5
46069000;-41
46095000;34
46121000;-65
46147000;-57
46173000;86
46199000;-21
46225000;19
46251000;-94
46276000;-14
46302000;-41
46328000;-18
46354000;-25
46380000;5
46406000;33
46432000;-125
46458000;-21
46484000;-113
46510000;-25
46536000;-58
46562000;11
46588000;-25
46614000;-11
46640000;-41
46666000;1
46692000;35
46718000;-63
46744000;-29
46769000;-75
46795000;-25
46822000;-41
46848000;-29
46874000;-53
46900000;-41
46926000;-21
46952000;-25
46978000;-63
47004000;35
47030000;-1
47056000;-57
47082000;55
47108000;-5
47133000;-29
47158000;-15
47184000;63
47210000;-12
47236000;-1
47262000;-14
47288000;15
47314000;-33
47340000;67
47366000;-5
47391000;43
47418000;-33
47444000;1
47470000;13
47496000;-1
47521000;47
47547000;-63
47573000;-19
47599000;-67
47625000;-65
47651000;-81
47677000;-75
47703000;23
47729000;-155
47755000;35
47781000;28
47807000;-133
47833000;-29
47859000;-15
47884000;-25
47910000;-1
47936000;-19
47962000;71
47988000;-18
48014000;21
48039000;37
48065000;-37
48091000;-65
48117000;27
48143000;119
48169000;-2
48195000;-105
48221000;22
48246000;-68
48272000;-41
48298000;15
48324000;-31
48349000;39
48375000;45
48401000;11
48427000;-61
48454000;11
48480000;-37
48506000;-89
48532000;-13
48558000;19
48584000;12
48610000;-33
48635000;-27
48661000;7
48687000;-25
48713000;51
48739000;17
48765000;-52
48791000;39
48817000;-17
48843000;-73
48869000;60
48895000;-27
48921000;-41
48947000;-1
48973000;-27
48998000;-33
49024000;39
49050000;-11
49076000;-73
49102000;-67
49128000;7
49154000;5
49180000;-43
49206000;-51
49232000;21
49258000;55
49284000;-91
49310000;19
49336000;31
49362000;7
49387000;19
49413000;-45
49439000;-89
49465000;-27
49491000;2
49517000;-57
49543000;13
49569000;-35
49595000;23
49622000;38
49648000;4
49674000;-21
49700000;-43
49725000;-65
49750000;-97
49776000;-66
49802000;-53
49828000;-1
49854000;-73
49880000;-13
49907000;55
49933000;3
49958000;-5
49984000;4
50010000;19
50036000;-33
50062000;23
50088000;-62
50113000;55
50139000;-11
50165000;13
50191000;-46
50217000;7
50243000;-19
50269000;-3
50296000;-17
50323000;59
50349000;-61
50375000;7
50401000;-83
50427000;7
50453000;49
50479000;11
50504000;29
50530000;-27
50556000;-9
50582000;-5
50608000;27
50634000;5
50660000;-31
50686000;29
50712000;19
50738000;-47
50764000;-17
50790000;-42
50816000;-27
50842000;-12
50867000;-33
50893000;-18
50919000;-116
50945000;-10
50970000;55
50996000;49
51021000;7
51047000;7
51072000;-9
51098000;-13
51124000;-73
51150000;-25
51176000;39
51202000;39
51228000;-73
51253000;-28
51279000;83
51305000;-9
51331000;15
51357000;37
51383000;-95
51409000;49
51436000;-125
51462000;-73
51488000;-13
51514000;-11
51540000;-97
51566000;-33
51592000;-17
51617000;100
51643000;-29
51669000;3
51695000;-59
51721000;-41
51747000;30
51773000;-63
51799000;-1
51825000;-43
51851000;5
51877000;-1
51903000;-15
51929000;-36
51955000;-3
51981000;-3
52006000;-62
52032000;-41
52058000;-25
52084000;44
52110000;-93
52136000;14
52162000;43
52188000;-27
52214000;44
52240000;23
52266000;-25
52292000;-1
52318000;3
52344000;23
52369000;-37
52396000;43
52422000;-9
52449000;-113
52475000;-25
52501000;-21
52527000;-49
52553000;29
52579000;-21
52606000;47
52632000;-44
52658000;-35
52684000;15
52710000;19
52735000;54
52761000;-33
52787000;19
52813000;-11
52838000;-63
52864000;39
52890000;-93
52916000;3
52942000;-75
52968000;-57
52994000;4
53020000;-46
53046000;1
53072000;7
53098000;-97
53123000;35
53149000;51
53175000;21
53201000;-45
53227000;-52
53253000;23
53279000;-29
53304000;15
53331000;23
53357000;43
53387000;-63
53415000;-25
53441000;-57
53467000;-81
53492000;-57
53518000;-25
53544000;-75
53570000;-73
53596000;31
53622000;-34
53649000;-34
53675000;-57
53701000;36
53727000;-31
53753000;21
53779000;-13
53805000;-9
53831000;-20
53856000;-35
53882000;93
53908000;43
53934000;3
53960000;-41
53986000;-17
54012000;-52
54038000;23
54064000;-69
54090000;-109
54116000;39
54142000;-1
54168000;39
54194000;63
54220000;43
54245000;39
54271000;-1
54297000;53
54323000;-1
54349000;44
54379000;-25
54406000;11
54432000;61
54458000;-98
54484000;-9
54510000;-57
54536000;61
54562000;-25
54588000;50
54613000;11
54639000;-9
54665000;15
54691000;-73
54717000;55
54743000;-28
54769000;7
54795000;-9
54820000;83
54846000;-73
54872000;29
54898000;63
54924000;-47
54950000;19
54976000;-43
55001000;75
55027000;13
55053000;1
55079000;-1
55105000;14
55131000;65
55157000;-73
55183000;54
55209000;-41
55235000;-57
55261000;-9
55287000;-117
55313000;7
55339000;44
55364000;-25
55390000;31
55416000;-57
55442000;27
55468000;-19
55494000;-31
55520000;-18
55546000;-11
55572000;-21
55598000;19
55624000;7
55651000;-35
55677000;-9
55703000;-75
55728000;69
55754000;37
55780000;-94
55806000;-13
55832000;-29
55858000;6
55884000;-25
55910000;-17
55936000;-14
55962000;5
55988000;-43
56014000;-91
56040000;6
56066000;23
56092000;61
56117000;51
56143000;-17
56169000;69
56195000;-31
56221000;-35
56248000;7
56274000;29
56300000;35
56327000;-52
56353000;75
56383000;67
56410000;-1
56436000;95
56462000;55
56487000;-21
56513000;-17
56539000;35
56565000;95
56591000;22
56617000;-89
56643000;-44
56669000;-66
56695000;-69
56721000;-4
56747000;-94
56772000;-10
56798000;-3
56824000;-9
56850000;-27
56875000;77
56901000;63
56927000;53
56953000;-9
56979000;-11
57005000;31
57031000;-33
57057000;45
57083000;-33
57109000;-9
57135000;35
57161000;-25
57187000;-81
57213000;53
57238000;-26
57264000;-9
57290000;-43
57316000;-11
57342000;-41
57368000;-17
57394000;-19
57420000;-45
57446000;31
57471000;-11
57497000;-41
57523000;23
57549000;-27
57575000;35
57600000;5
57626000;29
57652000;-19
57678000;-11
57704000;-25
57730000;-89
57756000;-53
57782000;7
57808000;-3
57835000;-25
57862000;-31
57888000;-57
57914000;-25
57940000;-83
57966000;-10
57991000;39
58017000;-13
58043000;17
58069000;23
58095000;46
58121000;97
58147000;-58
58173000;7
58199000;-9
58225000;-45
58251000;-2
58277000;-27
58303000;-27
58329000;55
58354000;-26
58386000;-29
58413000;-59
58439000;33
58465000;-1
58491000;-83
58517000;18
58542000;-27
58568000;-14
58594000;97
58620000;21
58646000;-36
58672000;31
58698000;-44
58724000;-35
58749000;70
58775000;-17
58801000;-26
58827000;-43
58853000;-91
58879000;-113
58905000;-3
58931000;18
58957000;1
58983000;54
59009000;71
59035000;-5
59061000;-91
59087000;-52
59112000;15
59138000;-66
59164000;35
59190000;-13
59216000;-33
59242000;-57
59268000;-76
59294000;-25
59320000;-1
59346000;20
59384000;63
59410000;-17
59436000;23
59462000;39
59487000;-41
59513000;-59
59539000;15
59565000;-49
59591000;-67
59617000;-12
59643000;-33
59669000;29
59695000;-41
59721000;15
59747000;53
59773000;-41
59799000;-17
59825000;-57
59851000;-9
59876000;46
59903000;-33
59929000;-41
59955000;-25
59981000;11
60007000;21
60033000;-65
60059000;-33
60085000;31
60111000;55
60137000;55
60163000;13
60189000;69
60215000;-42
60240000;-41
60266000;-50
60292000;-1
60318000;20
60344000;5
60370000;-85
60402000;15
60428000;-35
60454000;39
60480000;-15
60506000;39
60532000;29
60558000;-63
60584000;-35
60609000;-21
60635000;3
60661000;95
60687000;47
60713000;-78
60739000;31
60765000;7
60791000;67
60817000;-51
60843000;-16
60869000;-30
60895000;35
60921000;-59
60948000;-27
60973000;43
60999000;-13
61025000;-33
61051000;-11
61077000;-49
61103000;-29
61129000;-115
61155000;49
61181000;22
61207000;-81
61233000;-17
61259000;-9
61285000;-9
61311000;-46
61337000;131
61362000;-42
61397000;-1
61424000;-9
61450000;-9
61475000;-57
61501000;-1
61527000;-107
61552000;-61
61579000;103
61605000;71
61631000;14
61657000;-58
61683000;-61
61709000;39
61734000;-4
61760000;69
61786000;-13
61812000;23
61838000;47
61864000;-63
61890000;-73
61916000;15
61942000;-65
61968000;31
61995000;31
62021000;-97
62047000;107
62073000;39
62098000;-57
62124000;75
62150000;-34
62176000;-43
62202000;-69
62228000;38
62254000;63
62280000;-61
62306000;-69
62332000;-73
62358000;-19
62394000;31
62422000;37
62448000;17
62473000;15
62499000;-25
62525000;-121
62551000;-1
62577000;19
62603000;5
62629000;31
62655000;47
62681000;-9
62707000;-33
62733000;-27
62758000;-25
62784000;15
62810000;1
62835000;-27
62861000;-3
62887000;-43
62913000;-76
62939000;15
62965000;11
62991000;2
63017000;77
63043000;-34
63069000;7
63095000;29
63121000;-97
63147000;54
63174000;-73
63200000;29
63225000;-49
63251000;-73
63277000;31
63303000;47
63329000;71
63355000;47
63392000;6
63421000;-9
63447000;-41
63473000;-62
63499000;5
63525000;-59
63551000;-9
63577000;-67
63602000;53
63628000;-113
63654000;-89
63680000;-76
63706000;-41
63732000;38
63758000;-35
63784000;-33
63810000;-45
63836000;39
63862000;2
63888000;-105
63914000;-49
63940000;-27
63966000;-11
63992000;29
64017000;15
64043000;71
64070000;-17
64096000;19
64122000;27
64148000;-43
64174000;-25
64200000;13
64226000;7
64252000;35
64278000;17
64304000;29
64330000;7
64355000;-34
64385000;-5
64412000;-9
64438000;-21
64464000;-68
64490000;-1
64516000;-20
64541000;-17
64568000;-99
64594000;1
64620000;-9
64646000;-51
64672000;31
64698000;83
64723000;-13
64749000;-49
64775000;39
64801000;-36
64828000;-62
64854000;-35
64880000;-82
64906000;-42
64932000;15
64958000;23
64984000;-25
65010000;-41
65036000;11
65062000;33
65087000;-57
65114000;18
65140000;-31
65166000;35
65192000;-30
65218000;2
65244000;-27
65270000;27
65296000;-65
65322000;54
65348000;63
65375000;39
65412000;7
65438000;23
65463000;-15
65489000;-89
65516000;43
65542000;77
65568000;-83
65594000;-25
65620000;-9
65647000;37
65673000;75
65699000;-41
65725000;6
65751000;12
65777000;-81
65803000;-65
65829000;55
65855000;-27
65882000;29
65908000;43
65934000;-116
65960000;-9
65986000;37
66012000;27
66038000;-17
66064000;-25
66090000;-21
66116000;-50
66143000;-49
66169000;-9
66195000;-57
66220000;2
66246000;-30
66272000;19
66298000;-3
66324000;-35
66351000;-97
66386000;-46
66412000;-21
66439000;-9
66465000;-58
66491000;-1
66517000;37
66543000;31
66569000;-11
66594000;23
66620000;54
66646000;7
66672000;19
66698000;-99
66723000;-25
66749000;-78
66775000;-9
66801000;-75
66827000;7
66853000;-41
66879000;-29
66905000;-1
66931000;-43
66957000;-49
66982000;23
67008000;39
67034000;-57
67060000;-25
67086000;5
67112000;-9
67138000;-61
67164000;-27
67191000;-73
67217000;-117
67243000;-137
67269000;63
67295000;-59
67321000;-17
67346000;-27
67372000;-33
67398000;7
67424000;63
67450000;-61
67476000;7
67502000;1
67528000;-27
67554000;12
67580000;-19
67606000;-1
67632000;-93
67658000;-13
67684000;-43
67709000;29
67734000;22
67760000;-113
67785000;-17
67811000;-75
67837000;51
67863000;-17
67889000;-9
67915000;6
67941000;-63
67967000;39
67993000;66
68019000;39
68045000;22
68071000;-9
68096000;-37
68122000;-57
68148000;-9
68174000;69
68200000;-25
68225000;-75
68251000;-9
68277000;-13
68302000;93
68328000;-169
68354000;7
68380000;7
68406000;23
68432000;6
68457000;-27
68483000;-17
68509000;-3
68535000;-17
68561000;-45
68587000;-1
68613000;-9
68639000;-13
68665000;-61
68691000;85
68717000;27
68743000;-13
68769000;-27
68795000;-9
68821000;-79
68846000;39
68872000;-65
68898000;47
68924000;-58
68950000;-9
68976000;-49
69002000;-29
69028000;46
69054000;19
69080000;-57
69106000;-13
69132000;21
69158000;-9
69184000;-41
69209000;59
69235000;-25
69262000;-34
69288000;-45
69314000;-41
69340000;47
69366000;-41
69392000;47
69418000;44
69444000;-27
69470000;39
69496000;29
69522000;-10
69548000;-65
69573000;14
69599000;-73
69625000;-13
69651000;85
69677000;-11
69703000;-49
69729000;-1
69755000;23
69781000;-52
69807000;37
69833000;46
69859000;-43
69885000;-5
69911000;-121
69937000;-34
69962000;15
69988000;-78
70014000;-25
70040000;93
70066000;29
70092000;-66
70118000;74
70144000;-25
70170000;23
70196000;-27
70222000;23
70248000;-19
70274000;-169
70300000;-249
70325000;-297
70351000;-185
70377000;-137
70403000;-129
70429000;-233
70455000;11
70481000;-43
70507000;31
70533000;173
70559000;130
70585000;179
70611000;55
70637000;78
70663000;-45
70689000;-45
70714000;-65
70740000;-219
70766000;-371
70792000;-909
70818000;-994
70844000;-875
70870000;-817
70896000;-482
70922000;-741
70948000;-731
70974000;-833
71000000;-907
71026000;-649
71052000;-987
71077000;-907
71103000;-1085
71129000;-1377
71155000;-1487
71181000;-1529
71207000;-1563
71233000;-1565
71259000;-1526
71285000;-1467
71311000;-1505
71337000;-1545
71363000;-1513
71389000;-1577
71415000;-1609
71441000;-1619
71466000;-1642
71492000;-1561
71518000;-1550
71544000;-1451
71570000;-1545
71596000;-1493
71622000;37
71648000;31
71674000;-17
71700000;87
71726000;-17
71752000;-83
71778000;-33
71804000;-68
71829000;-109
71855000;-25
71881000;-69
71907000;13
71933000;-2
71959000;11
71985000;87
72011000;61
72037000;71
72063000;-33
72089000;45
72115000;6
72141000;-45
72167000;23
72192000;-15
72218000;-9
72244000;-19
72270000;-61
72296000;-67
72322000;31
72348000;29
72374000;69
72400000;78
72426000;-5
72452000;-29
72478000;-31
72504000;-81
72530000;42
72556000;-57
72581000;-19
72607000;-3
72633000;7
72659000;-19
72685000;23
72711000;31
72737000;-9
72763000;-11
72789000;-20
72815000;-9
72841000;-13
72867000;31
72893000;-21
72919000;7
72944000;-43
72970000;-108
72996000;-5
73022000;-27
73048000;-9
73074000;-19
73100000;55
73126000;-46
73152000;18
73178000;-49
73204000;-90
73230000;-30
73256000;30
73282000;23
73308000;23
73333000;50
73359000;27
73385000;21
73411000;13
73437000;-25
73463000;-9
73489000;-17
73515000;-81
73541000;-43
73567000;70
73593000;-1
73619000;-9
73645000;-21
73671000;55
73696000;-19
73722000;15
73748000;-9
73774000;-17
73800000;5
73826000;-29
73852000;-3
73878000;-3
73904000;-5
73930000;71
73956000;-75
73982000;-5
74007000;-97
74033000;-25
74058000;-21
74083000;29
74109000;-59
74135000;-9
74160000;-41
74186000;7
74212000;-18
74238000;3
74264000;-60
74289000;-49
74315000;-31
74341000;-57
74367000;2
74393000;33
74419000;93
74445000;-19
74472000;-27
74497000;-67
74523000;23
74549000;-129
74575000;-52
74601000;27
74627000;53
74653000;-75
74678000;4
74704000;-25
74730000;53
74756000;-21
74782000;33
74808000;-29
74833000;-17
74859000;27
74885000;-20
74911000;15
74937000;-41
74963000;-49
74989000;27
75015000;-65
75041000;-11
75067000;-107
75093000;7
75119000;-47
75145000;99
75171000;38
75196000;-9
75222000;15
75248000;-59
75274000;19
75300000;-25
75326000;-27
75352000;-18
75378000;-35
75404000;-41
75430000;60
75456000;-3
75482000;46
75507000;-5
75533000;63
75558000;15
75584000;-13
75610000;-17
75636000;7
75662000;-61
75688000;-73
75714000;-9
75740000;-61
75766000;43
75792000;39
75818000;-43
75844000;31
75870000;-94
75896000;-9
75922000;5
75947000;35
75973000;-5
75998000;43
76024000;13
76050000;-5
76076000;-18
76102000;7
76128000;-11
76154000;37
76180000;22
76206000;5
76232000;-35
76257000;-34
76283000;2
76309000;-29
76334000;-115
76360000;15
76386000;-37
76412000;-34
76438000;-62
76464000;15
76490000;-41
76516000;-29
76542000;53
76568000;-14
76594000;38
76620000;35
76646000;-4
76672000;-33
76697000;-59
76724000;34
76749000;-25
76775000;23
76801000;37
76827000;-1
76853000;83
76879000;-15
76905000;22
76931000;5
76957000;43
76983000;-73
77009000;-50
77035000;-52
77060000;34
77086000;19
77112000;7
77138000;29
77164000;61
77190000;1
77216000;-1
77242000;-29
77268000;3
77294000;5
77320000;27
77346000;17
77372000;7
77398000;-10
77424000;-49
77449000;-33
77475000;-43
77501000;-1
77527000;12
77553000;-1
77579000;-11
77605000;-52
77631000;31
77657000;-1
77683000;-9
77709000;-73
77735000;50
77761000;62
77787000;27
77812000;-13
77838000;-11
77864000;-59
77890000;-19
77916000;-69
77941000;-44
77968000;23
77993000;35
78019000;-35
78045000;-17
78071000;-29
78097000;52
78123000;-21
78149000;68
78175000;-75
78200000;-36
78227000;55
78252000;-17
78278000;-21
78304000;-11
78330000;-9
78356000;37
78382000;-82
78408000;-67
78434000;-3
78460000;-4
78486000;-62
78511000;-41
78537000;-81
78562000;-65
78589000;13
78615000;-1
78641000;-1
78667000;2
78693000;50
78719000;3
78745000;-57
78771000;-42
78797000;-1
78823000;-37
78849000;-11
78875000;-77
78901000;-19
78927000;53
78952000;7
78978000;7
79004000;-75
79030000;-45
79055000;-21
79081000;-25
79107000;-25
79133000;23
79159000;-52
79185000;15
79211000;27
79237000;115
79263000;51
79289000;-3
79314000;47
79340000;-101
